{
    "accuracy": 0.869,
    "precision": 0.7609561752988048,
    "recall": 0.4860050890585242,
    "f1_score": 0.593167701863354
}